Company,Field,Value,Source URL
Pfizer Inc.,Revenue,62600000000,https://www.sec.gov/Archives/edgar/data/78003/000007800326000026/pfe-20251231.htm
Pfizer Inc.,Employees,88000,https://www.sec.gov/Archives/edgar/data/78003/000007800326000026/pfe-20251231.htm
Pfizer Inc.,Therapeutic Area,"Oncology, Vaccines",https://www.pfizer.com/science/drug-product-pipeline
Pfizer Inc.,Key Products,"Eliquis, Prevnar",https://annualreview.pfizer.com/
Pfizer Inc.,Website,www.pfizer.com,https://www.pfizer.com/
Novartis AG,Revenue,50300000000,https://www.sec.gov/Archives/edgar/data/1114448/000137036825000007/a250131-99_1.htm
Novartis AG,Employees,75883,https://www.sec.gov/Archives/edgar/data/1114448/000137036825000004/nvs-20241231.htm
Novartis AG,Therapeutic Area,"Immunology, Neuroscience, Oncology",https://www.novartis.com/sites/novartis_com/files/2025-01-interim-financial-report-en.pdf
Novartis AG,Key Products,"Entresto, Cosentyx, Kesimpta, Kisqali, Pluvicto",https://www.sec.gov/Archives/edgar/data/1114448/000137036824000022/a241029-99_1.htm
Novartis AG,Website,https://www.novartis.com,https://www.novartis.com
Roche Holding AG,Revenue,68900000000,https://assets.roche.com/f/176343/x/774e29fc44/250130_ir_fy24_en.pdf
Roche Holding AG,Employees,103249,https://assets.roche.com/f/176343/x/38d96ed8ec/fb24e.pdf
Roche Holding AG,Therapeutic Area,"Oncology, Immunology, Neuroscience, Ophthalmology, Infectious Diseases, Haematology",https://www.roche.com/solutions/focus-areas
Roche Holding AG,Key Products,"Ocrevus, Vabysmo, Hemlibra, Phesgo, Tecentriq, Perjeta, Alecensa, Evrysdi, Polivy, Xolair",https://www.roche.com/media/releases/med-cor-2025-01-30
Roche Holding AG,Website,https://www.roche.com,https://www.roche.com
Sanofi S.A.,Revenue,44290000000,https://www.sec.gov/Archives/edgar/data/0001121404/000112140425000002/pressreleaseq42024english.htm
Sanofi S.A.,Employees,82878,https://www.sec.gov/Archives/edgar/data/0001121404/000112140425000010/sny-20241231.htm
Sanofi S.A.,Therapeutic Area,"Immunology, Oncology, Rare Diseases, Rare Blood Disorders, Neurology, Vaccines",https://www.sanofi.com/en/our-science/our-focus-areas
Sanofi S.A.,Key Products,"Dupixent, Beyfortus, ALTUVIIIO, Nexviazyme, Sarclisa, Rezurock, Cablivi, Lantus, Toujeo, Fabrazyme",https://www.sec.gov/Archives/edgar/data/0001121404/000112140425000002/pressreleaseq42024english.htm
Sanofi S.A.,Website,https://www.sanofi.com,https://www.sanofi.com
"Merck & Co., Inc.",Revenue,64200000000,https://www.sec.gov/Archives/edgar/data/0000310158/000110465925008863/tm255059d1_ex99-1.htm
"Merck & Co., Inc.",Employees,75000,https://www.sec.gov/Archives/edgar/data/0000310158/000162828025007732/mrk-20241231.htm
"Merck & Co., Inc.",Therapeutic Area,"Oncology, Vaccines, Infectious Diseases, Cardiometabolic & Respiratory, Immunology, Neuroscience, Ophthalmology",https://www.merck.com/research/areas-of-focus/
"Merck & Co., Inc.",Key Products,"Keytruda, Gardasil/Gardasil 9, Januvia/Janumet, Bridion, Lynparza, Lenvima, Lagevrio, Vaxneuvance, Prevymis, Winrevair, Welireg",https://www.sec.gov/Archives/edgar/data/0000310158/000110465925008863/tm255059d1_ex99-1.htm
"Merck & Co., Inc.",Website,https://www.merck.com,https://www.merck.com
AstraZeneca PLC,Revenue,54073000000,https://www.sec.gov/Archives/edgar/data/0000901832/000110465925014750/azn-20241231x20f.htm
AstraZeneca PLC,Employees,90100,https://www.sec.gov/Archives/edgar/data/0000901832/000110465925014750/azn-20241231x20f.htm
AstraZeneca PLC,Therapeutic Area,"Oncology, BioPharmaceuticals (CVRM, R&I), Rare Disease",https://www.astrazeneca.com/our-therapy-areas.html
AstraZeneca PLC,Key Products,"Tagrisso, Imfinzi, Enhertu, Lynparza, Calquence, Fasenra, Farxiga, Soliris, Ultomiris, Saphnelo, Beyfortus, Symbicort",https://www.businesswire.com/news/home/20250205200649/en/AstraZenecas-Full-Year-and-Q4-2024-results
AstraZeneca PLC,Website,https://www.astrazeneca.com,https://www.astrazeneca.com
AbbVie Inc.,Revenue,56334000000,https://www.sec.gov/Archives/edgar/data/0001551152/000155115225000011/abbv-20241231xexhibit991.htm
AbbVie Inc.,Employees,55000,https://www.sec.gov/Archives/edgar/data/0001551152/000155115225000020/abbv-20241231.htm
AbbVie Inc.,Therapeutic Area,"Immunology, Oncology, Neuroscience, Eye Care, Aesthetics",https://www.abbvie.com/our-science/therapeutic-focus-areas.html
AbbVie Inc.,Key Products,"Humira, Skyrizi, Rinvoq, Imbruvica, Venclexta, Botox Therapeutic, Botox Cosmetic, Vraylar, Ubrelvy, Qulipta, Juvederm, Elahere",https://www.sec.gov/Archives/edgar/data/0001551152/000155115225000011/abbv-20241231xexhibit991.htm
AbbVie Inc.,Website,https://www.abbvie.com,https://www.abbvie.com
GSK plc,Revenue,40180000000,https://www.sec.gov/Archives/edgar/data/0001131399/000113139925000007/gsk-20241231.htm
GSK plc,Employees,68629,https://www.sec.gov/Archives/edgar/data/0001131399/000113139925000007/gsk-20241231.htm
GSK plc,Therapeutic Area,"Respiratory, Immunology & Inflammation, HIV, Oncology, Infectious Diseases",https://www.gsk.com/en-gb/our-science/
GSK plc,Key Products,"Dovato, Tivicay, Apretude, Arexvy, Nucala, Shingrix, Blenrep, Jemperli, Zejula, Trelegy Ellipta, Benlysta, Dolutegravir",https://www.gsk.com/en-gb/media/press-releases/gsk-delivers-strong-2024-performance-with-further-improvement-to-long-term-growth-outlook/
GSK plc,Website,https://www.gsk.com,https://www.gsk.com
Bayer AG,Field,Value,Source URL
Bayer AG,Revenue,46606000000,https://www.bayer.com/media/en-us/bayer-meets-adjusted-guidance-and-takes-decisive-action-to-tackle-challenges/
Bayer AG,Employees,93000,https://www.bayer.com/sites/default/files/2025-03/bayer-annual-report-2024.pdf
Bayer AG,Therapeutic Area,"Oncology, Cardiology, Ophthalmology, Women's Health, Neurology, Immunology, Cell & Gene Therapy",https://www.bayer.com/en/pharma/pharmaceuticals
Bayer AG,Key Products,"Xarelto, Eylea, Nubeqa, Kerendia, Adempas, Stivarga, Mirena, YAZ, Aspirin Cardio, Ultravist, Gadovist",https://www.bayer.com/media/en-us/bayer-meets-adjusted-guidance-and-takes-decisive-action-to-tackle-challenges/
Bayer AG,Website,https://www.bayer.com,https://www.bayer.com
Eli Lilly and Company,Revenue,45040000000,https://www.sec.gov/Archives/edgar/data/0000059478/000005947825000037/q424lillysalesandearningsp.htm
Eli Lilly and Company,Employees,47000,https://www.sec.gov/Archives/edgar/data/0000059478/000005947825000067/lly-20241231.htm
Eli Lilly and Company,Therapeutic Area,"Diabetes & Obesity, Oncology, Immunology, Neuroscience",https://www.lilly.com/our-medicines/current-treatments
Eli Lilly and Company,Key Products,"Mounjaro, Zepbound, Verzenio, Trulicity, Jardiance (alliance), Humalog, Taltz, Olumiant, Kisunla, Omvoh, Ebglyss, Jaypirca",https://www.sec.gov/Archives/edgar/data/0000059478/000005947825000037/q424lillysalesandearningsp.htm
Eli Lilly and Company,Website,https://www.lilly.com,https://www.lilly.com
Bristol Myers Squibb Company,Revenue,48300000000,https://news.bms.com/news/details/2025/Bristol-Myers-Squibb-Reports-Fourth-Quarter-and-Full-Year-Financial-Results-for-2024/default.aspx
Bristol Myers Squibb Company,Employees,34100,https://www.sec.gov/Archives/edgar/data/0000014272/000001427225000039/bmy-20241231.htm
Bristol Myers Squibb Company,Therapeutic Area,"Oncology, Hematology, Immunology, Cardiovascular, Neuroscience",https://www.bms.com/researchers-and-partners/areas-of-focus.html
Bristol Myers Squibb Company,Key Products,"Eliquis, Opdivo, Opdivo Qvantig, Revlimid, Orencia, Pomalyst/Imnovid, Yervoy, Reblozyl, Opdualag, Camzyos, Breyanzi, Abecma, Sotyktu, Cobenfy, Krazati",https://news.bms.com/news/details/2025/Bristol-Myers-Squibb-Reports-Fourth-Quarter-and-Full-Year-Financial-Results-for-2024/default.aspx
Bristol Myers Squibb Company,Website,https://www.bms.com,https://www.bms.com
Amgen Inc.,Revenue,36751000000,https://investors.amgen.com/static-files/a79e4932-280d-41ee-9ca4-25b6ea49c704
Amgen Inc.,Employees,31500,https://www.amgen.com/stories/2026/03/-/media/Themes/CorporateAffairs/amgen-com/amgen-com/downloads/investors/2025-annual-report-letter-and-10k.pdf
Amgen Inc.,Therapeutic Area,"General Medicine, Oncology, Inflammation, Rare Disease",https://www.sec.gov/Archives/edgar/data/0000318154/000031815425000005/amgn-20241231earningsrelea.htm
Amgen Inc.,Key Products,"Enbrel, Prolia, XGEVA, Repatha, Otezla, Blincyto, KYPROLIS, LUMAKRAS, TEZSPIRE, EVENITY, TEPEZZA, KRYSTEXXA, UPLIZNA, TAVNEOS, IMDELLTRA",https://www.sec.gov/Archives/edgar/data/0000318154/000031815425000005/amgn-20241231earningsrelea.htm
Amgen Inc.,Website,https://www.amgen.com,https://www.amgen.com
Takeda Pharmaceutical Company Limited,Revenue,29700000000,https://www.takeda.com/newsroom/newsreleases/2025/takeda-announces-fy2024-full-year-results-and-fy2025-outlook/
Takeda Pharmaceutical Company Limited,Employees,47455,https://www.sec.gov/Archives/edgar/data/1395064/000139506425000095/tak-20250331.htm#i89761be648564855b53fa24df8e6ee90_193
Takeda Pharmaceutical Company Limited,Therapeutic Area,"Gastroenterology & Inflammation, Rare Diseases, Plasma-Derived Therapies, Oncology, Neuroscience, Vaccines",https://www.takeda.com/newsroom/newsreleases/2025/annual-report-form-20-f-fy2024/
Takeda Pharmaceutical Company Limited,Key Products,"ENTYVIO, TAKHZYRO, LIVTENCITY, ADZYNMA, VYVANSE/ELVANSE, TRINTELLIX, ADCETRIS, ALUNBRIG, FRUZAQLA, QDENGA, GATTEX/REVESTIVE, GAMMAGARD LIQUID/KIOVIG, HYQVIA",https://www.sec.gov/Archives/edgar/data/0001395064/000139506424000086/Financial_Report.xlsx
Takeda Pharmaceutical Company Limited,Website,https://www.takeda.com,https://www.takeda.com
Boehringer Ingelheim,Revenue,28940000000,https://www.boehringer-ingelheim.com/about-us/annual-press-conference-2025
Boehringer Ingelheim,Employees,54500,https://www.boehringer-ingelheim.com/annualreport/2024/files/figures/BOE_Highlights_2024_EN.pdf
Boehringer Ingelheim,Therapeutic Area,"Cardiometabolic, Respiratory, Oncology, Immunology & Inflammation, Mental Health",https://www.boehringer-ingelheim.com/ca/first-half-2024-boehringer-ingelheim-progresses-pipeline-pace-and-reaches-major-milestones
Boehringer Ingelheim,Key Products,"Jardiance, Ofev, Trajenta/Jentadueto, Spiriva, Pradaxa, NexGard, Frontline, Frontpro, Vetmedin",https://www.boehringer-ingelheim.com/about-us/annual-press-conference-2025
Boehringer Ingelheim,Website,https://www.boehringer-ingelheim.com,https://www.boehringer-ingelheim.com
Novo Nordisk A/S,Revenue,46800000000,https://annualreport.novonordisk.com/2025/_assets/downloads/novo-nordisk-annual-report-2025.pdf?h=9UdfHgQ-
Novo Nordisk A/S,Employees,76300,https://www.novonordisk.com/news-and-media/news-and-ir-materials/news-details.html?id=915257
Novo Nordisk A/S,Therapeutic Area,"Diabetes Care, Obesity Care, Rare Diseases (Rare Blood Disorders, Rare Endocrine Disorders)",https://www.sec.gov/Archives/edgar/data/0000353278/000162828025003924/caq42024.htm
Novo Nordisk A/S,Key Products,"Ozempic, Wegovy, Rybelsus, Saxenda, Victoza, Tresiba, Levemir, NovoRapid, Fiasp, NovoSeven, NovoEight, Norditropin, Esperoct",https://www.sec.gov/Archives/edgar/data/0000353278/000162828025003924/caq42024.htm
Novo Nordisk A/S,Website,https://www.novonordisk.com,https://www.novonordisk.com
"Regeneron Pharmaceuticals, Inc.",Revenue,14300000000,https://investor.regeneron.com/news-releases/news-release-details/regeneron-reports-fourth-quarter-and-full-year-2025-financial
"Regeneron Pharmaceuticals, Inc.",Employees,15106,https://www.sec.gov/Archives/edgar/data/0000872589/000180422025000011/regn-20241231.htm
"Regeneron Pharmaceuticals, Inc.",Therapeutic Area,"Ophthalmology, Immunology & Inflammation, Oncology, Cardiovascular & Metabolic, Neuroscience, Hematology, Infectious Diseases, Rare Diseases",https://www.sec.gov/Archives/edgar/data/0000872589/000180422025000011/regn-20241231.htm
"Regeneron Pharmaceuticals, Inc.",Key Products,"Dupixent, EYLEA HD, EYLEA, Libtayo, Praluent, Kevzara, Inmazeb",https://www.sec.gov/Archives/edgar/data/0000872589/000180422025000006/exhibit991q42024.htm
"Regeneron Pharmaceuticals, Inc.",Website,https://www.regeneron.com,https://www.regeneron.com
Biogen Inc.,Revenue,9675900000,https://www.sec.gov/Archives/edgar/data/0000875045/000087504525000004/exhibit991-q42024pressrele.htm
Biogen Inc.,Employees,7400,https://www.sec.gov/Archives/edgar/data/0000875045/000087504525000009/biib-20241231.htm
Biogen Inc.,Therapeutic Area,"Neuroscience (Multiple Sclerosis, Alzheimer's Disease, ALS), Rare Diseases, Immunology",https://www.sec.gov/Archives/edgar/data/0000875045/000087504525000009/biib-20241231.htm
Biogen Inc.,Key Products,"TECFIDERA, TYSABRI, VUMERITY, AVONEX, PLEGRIDY, SPINRAZA, LEQEMBI, SKYCLARYS, ZURZUVAE, QALSODY, BENEPALI, IMRALDI, BYOOVIZ",https://www.sec.gov/Archives/edgar/data/0000875045/000087504525000004/exhibit991-q42024pressrele.htm
Biogen Inc.,Website,https://www.biogen.com,https://www.biogen.com
Vertex Pharmaceuticals Incorporated,Revenue,11021000000,https://www.sec.gov/Archives/edgar/data/0000875320/000087532025000041/ex-991_q42024.htm
Vertex Pharmaceuticals Incorporated,Employees,17900,https://www.sec.gov/Archives/edgar/data/0000875320/000087532025000053/vrtx-20241231.htm
Vertex Pharmaceuticals Incorporated,Therapeutic Area,"Cystic Fibrosis, Pain (Acute & Neuropathic), Hematology (SCD, Beta-Thalassemia), Kidney Disease (IgAN, AMKD), Type 1 Diabetes",https://www.sec.gov/Archives/edgar/data/0000875320/000087532025000053/vrtx-20241231.htm
Vertex Pharmaceuticals Incorporated,Key Products,"TRIKAFTA/KAFTRIO, SYMDEKO/SYMKEVI, ORKAMBI, KALYDECO, ALYFTREK, CASGEVY, JOURNAVX",https://www.sec.gov/Archives/edgar/data/0000875320/000087532025000041/ex-991_q42024.htm
Vertex Pharmaceuticals Incorporated,Website,https://www.vrtx.com,https://www.vrtx.com
"Moderna, Inc.",Revenue,3236000000,https://www.sec.gov/Archives/edgar/data/0001682852/000168285225000022/mrna-20241231.htm
"Moderna, Inc.",Employees,5000,https://www.sec.gov/Archives/edgar/data/0001682852/000168285225000022/mrna-20241231.htm
"Moderna, Inc.",Therapeutic Area,"Infectious Diseases (COVID-19, RSV, Influenza), Oncology, Rare Diseases, Cardiovascular, Autoimmune",https://www.sec.gov/Archives/edgar/data/0001682852/000168285225000022/mrna-20241231.htm
"Moderna, Inc.",Key Products,"Spikevax (COVID-19 mRNA Vaccine), mRESVIA (RSV Vaccine)",https://www.sec.gov/Archives/edgar/data/1682852/000168285225000006/exhibit9912024q4pressrelea.htm
"Moderna, Inc.",Website,https://www.modernatx.com,https://www.modernatx.com
BioNTech SE,Revenue,2975000000,https://www.sec.gov/Archives/edgar/data/0001776985/000177698525000013/bntx-20241231.htm
BioNTech SE,Employees,5500,https://www.sec.gov/Archives/edgar/data/0001776985/000177698525000013/bntx-20241231.htm
BioNTech SE,Therapeutic Area,"Oncology (mRNA Cancer Immunotherapies, Bispecific Antibodies, ADCs, CAR-T), Infectious Diseases (COVID-19, Influenza, Tuberculosis, Malaria)",https://www.sec.gov/Archives/edgar/data/0001776985/000177698525000013/bntx-20241231.htm
BioNTech SE,Key Products,"Comirnaty, BNT327, autogene cevumeran/BNT122, BNT111, BNT211 (CAR-T)",https://investors.biontech.de/news-releases/news-release-details/biontech-announces-fourth-quarter-and-full-year-2024-financial
BioNTech SE,Website,https://www.biontech.com,https://www.biontech.com
CSL Limited,Revenue,14800000000,https://investors.csl.com/annualreport/2024/108/
CSL Limited,Employees,32000,https://investors.csl.com/annualreport/2024/
CSL Limited,Therapeutic Area,"Immunology, Haematology, Nephrology & Transplant, Respiratory, Cardiovascular & Metabolic, Vaccines",https://investors.csl.com/annualreport/2024/
CSL Limited,Key Products,"PRIVIGEN, HIZENTRA, HEMGENIX, IDELVION, AFSTYLA, HAEGARDA, BERINERT, KCENTRA, INJECTAFER/FERINJECT, VELPHORO, VELTASSA, FLUAD, FLUCELVAX, KOSTAIVE",https://investors.csl.com/annualreport/2024/163/
CSL Limited,Website,https://www.csl.com,https://www.csl.com
Teva Pharmaceutical Industries Limited,Revenue,16544000000,https://ir.tevapharm.com/news-and-events/press-releases/press-release-details/2025/Teva-Delivers-Second-Consecutive-Year-of-Growth-Announces-Strong-Financial-Results-in-Fourth-Quarter-and-Full-Year-2024-Led-by-Generics-Performance-and-Innovative-Portfolio-Growth/default.aspx
Teva Pharmaceutical Industries Limited,Employees,37000,https://ir.tevapharm.com/news-and-events/press-releases/press-release-details/2025/Teva-Delivers-Second-Consecutive-Year-of-Growth-Announces-Strong-Financial-Results-in-Fourth-Quarter-and-Full-Year-2024-Led-by-Generics-Performance-and-Innovative-Portfolio-Growth/default.aspx
Teva Pharmaceutical Industries Limited,Therapeutic Area,"Generic Medicines (U.S., Europe, International), Innovative Medicines (CNS/Neuroscience, Immunology), Biosimilars",https://ir.tevapharm.com/news-and-events/press-releases/press-release-details/2025/Teva-Delivers-Second-Consecutive-Year-of-Growth-Announces-Strong-Financial-Results-in-Fourth-Quarter-and-Full-Year-2024-Led-by-Generics-Performance-and-Innovative-Portfolio-Growth/default.aspx
Teva Pharmaceutical Industries Limited,Key Products,"AUSTEDO, AJOVY, UZEDY, COPAXONE, SELARSDI, BENDEKA/TREANDA",https://ir.tevapharm.com/news-and-events/press-releases/press-release-details/2025/Teva-Delivers-Second-Consecutive-Year-of-Growth-Announces-Strong-Financial-Results-in-Fourth-Quarter-and-Full-Year-2024-Led-by-Generics-Performance-and-Innovative-Portfolio-Growth/default.aspx
Teva Pharmaceutical Industries Limited,Website,https://www.tevapharm.com,https://www.tevapharm.com
Astellas Pharma Inc.,Revenue,12581000000,https://www.astellas.com/content/dam/astellas-com/global/en/documents/financial-results/full-year-and-4q-fy2024-financial-results-en.pdf
Astellas Pharma Inc.,Employees,13643,https://www.astellas.com/content/dam/astellas-com/global/en/documents/environment-ehs-report-fy2025-en.pdf
Astellas Pharma Inc.,Therapeutic Area,"Oncology, Ophthalmology, Urology, Women's Health, Hematology, Transplantation & Immunology",https://www.astellas.com/content/dam/astellas-com/global/en/documents/financial-results/full-year-and-4q-fy2024-financial-results-en.pdf
Astellas Pharma Inc.,Key Products,"XTANDI, PADCEV, IZERVAY, VEOZAH/VEOZA, VYLOY, XOSPATA, PROGRAF, BETANIS/MYRBETRIQ/BETMIGA",https://www.astellas.com/content/dam/astellas-com/global/en/documents/financial-results/full-year-and-4q-fy2024-financial-results-en.pdf
Astellas Pharma Inc.,Website,https://www.astellas.com,https://www.astellas.com
"Daiichi Sankyo Co., Ltd.",Revenue,11811225768,https://www.daiichisankyo.com/files/investors/library/quarterly_result/2024/4Q/FY2024Q4_Reference_Data_E.pdf
"Daiichi Sankyo Co., Ltd.",Employees,19765,https://www.daiichisankyo.com/files/investors/library/quarterly_result/2024/4Q/FY2024Q4_Reference_Data_E.pdf
"Daiichi Sankyo Co., Ltd.",Therapeutic Area,"Oncology (ADC Platform: HER2, TROP2, HER3), Cardiovascular, Pain, Bone & Metabolism, Vaccines",https://www.daiichisankyo.com/files/investors/library/quarterly_result/2024/4Q/FY2024Q4_Financial_Results_Presentation_E.pdf
"Daiichi Sankyo Co., Ltd.",Key Products,"ENHERTU, DATROWAY, Lixiana/Savaysa, Tarlige, Pralia, Belsomra, Nilemdo/Nustendi, Ezharmia, FluMist, Venofer, Injectafer",https://www.daiichisankyo.com/files/investors/library/quarterly_result/2024/4Q/FY2024Q4_Reference_Data_E.pdf
"Daiichi Sankyo Co., Ltd.",Website,https://www.daiichisankyo.com,https://www.daiichisankyo.com
"Otsuka Holdings Co., Ltd. (parent of Otsuka Pharmaceutical)",Revenue,12638000000,https://otsuka.com/en/ir/library/pdf/annual/2024_all_a4.pdf
"Otsuka Holdings Co., Ltd. (parent of Otsuka Pharmaceutical)",Employees,37758,https://www.otsuka.com/en/ir/library/pdf/annual/2025_all_a4.pdf
"Otsuka Holdings Co., Ltd. (parent of Otsuka Pharmaceutical)",Therapeutic Area,"Psychiatry & Neurology, Oncology, Cardiovascular & Renal",https://www.otsuka.com/en/sustainability/society/health/pharmaceutical.html
"Otsuka Holdings Co., Ltd. (parent of Otsuka Pharmaceutical)",Key Products,"ABILIFY MAINTENA, REXULTI, JYNARQUE, SAMSCA, LONSURF, DELTYBA",https://www.otsuka.co.jp/en/pharmaceutical-business/products/
"Otsuka Holdings Co., Ltd. (parent of Otsuka Pharmaceutical)",Website,https://www.otsuka.com/en/,https://www.otsuka.com/en/
"Eisai Co., Ltd.",Revenue,4943000000,https://www.eisai.com/company/glance/index.html
"Eisai Co., Ltd.",Employees,10917,https://pitchbook.com/profiles/company/42713-74
"Eisai Co., Ltd.",Therapeutic Area,"Neurology, Oncology, Tropical Diseases",https://www.eisai.com/innovation/research/key_therapeutic_areas/index.html
"Eisai Co., Ltd.",Key Products,"LEQEMBI, LENVIMA, HALAVEN, DAYVIGO, FYCOMPA",https://www.eisai.com/news/index.html
"Eisai Co., Ltd.",Website,https://www.eisai.com,https://www.eisai.com
"Chugai Pharmaceutical Co., Ltd.",Revenue,7752000000,https://www.chugai-pharm.co.jp/english/news/detail/20250130170004_1134.html
"Chugai Pharmaceutical Co., Ltd.",Employees,7778,https://www.sustainalytics.com/esg-rating/chugai-pharmaceutical-co-ltd/1008563593
"Chugai Pharmaceutical Co., Ltd.",Therapeutic Area,"Oncology, Immunology, Neuroscience, Hematology, Ophthalmology",https://www.chugai-pharm.co.jp/english/ir/product/pipeline.html
"Chugai Pharmaceutical Co., Ltd.",Key Products,"Hemlibra, Actemra, Vabysmo, Phesgo, Alecensa, Enspryng, PiaSky",https://www.chugai-pharm.co.jp/english/ir/product/product.html
"Chugai Pharmaceutical Co., Ltd.",Website,https://www.chugai-pharm.co.jp/english/,https://www.chugai-pharm.co.jp/english/
UCB SA,Revenue,899000000,https://www.ucb.com/sites/default/files/2026-02/UCB-PR-2025-FY-Results-ENG.pdf
UCB SA,Employees,9378,https://www.ucb.com/sites/default/files/2025-06/ucb_iar_2024_eng_final_0.pdf
UCB SA,Therapeutic Area,"Immunology, Neurology, Rare Diseases",https://www.ucb.com/newsroom/press-releases/article/strong-execution-fueling-sustained-company-growth
UCB SA,Key Products,"BIMZELX, CIMZIA, EVENITY, FINTEPLA, RYSTIGGO, ZILBRYSQ, BRIVIACT, VIMPAT, KEPPRA",https://www.ucb.com/newsroom/press-releases/article/on-growth-path-for-a-decade-plus-strong-launch-execution-driving-company-growth
UCB SA,Website,https://www.ucb.com,https://www.ucb.com
Servier (Laboratoires Servier),Revenue,8200000000,https://servier.com/en/newsroom/solid-performance-forecasts/
Servier (Laboratoires Servier),Employees,22000,https://servier.com/wp-content/uploads/2026/02/servier-annual-report-2024-2025.pdf
Servier (Laboratoires Servier),Therapeutic Area,"Oncology, Neurology, Cardiometabolism, Venous Diseases",https://servier.com/wp-content/uploads/2026/02/servier-annual-report-2024-2025.pdf
Servier (Laboratoires Servier),Key Products,"Daflon, Tibsovo, Onivyde, Oncaspar, Voranigo, Lonsurf, Coversyl",https://servier.com/en/newsroom/strong-results-outpaces-its-trajectory/
Servier (Laboratoires Servier),Website,https://servier.com,https://servier.com
Recordati Industria Chimica e Farmaceutica S.p.A.,Revenue,2485188000,https://www.recordati.com/en/investors/investor-relations/press-releases/2025/20022025.html
Recordati Industria Chimica e Farmaceutica S.p.A.,Employees,4452,https://www.recordati.com/en/investors/financial-reports/
Recordati Industria Chimica e Farmaceutica S.p.A.,Therapeutic Area,"Cardiology, Urology, Gastroenterology, Rare Diseases, Endocrinology",https://www.recordati.com/en/product-portfolio/
Recordati Industria Chimica e Farmaceutica S.p.A.,Key Products,"Zanidip, Eligard, Isturisa, Signifor, Cystadrops, Ledercort",https://www.recordati.com/en/product-portfolio/specialty-primary-care/
Recordati Industria Chimica e Farmaceutica S.p.A.,Website,https://www.recordati.com,https://www.recordati.com
Grifols S.A.,Revenue,8126000000,https://www.sec.gov/Archives/edgar/data/1438569/000110465926044901/grfs-20251231x20f.htm
Grifols S.A.,Employees,23822,https://www.sec.gov/Archives/edgar/data/0001438569/000110465925034245/grfs-20241231x20f.htm
Grifols S.A.,Therapeutic Area,"Immunology, Hepatology & Intensive Care, Pulmonology, Hematology, Neurology, Infectious Diseases",https://www.sec.gov/Archives/edgar/data/0001438569/000110465924083891/tm2419599d1_6k.htm
Grifols S.A.,Key Products,"Gamunex-C, Xembify, Flebogamma, AlbuRx, Prolastin, HyperRAB",https://www.sec.gov/Archives/edgar/data/0001438569/000110465924115182/tm2427663d1_6k.htm
Grifols S.A.,Website,https://www.grifols.com,https://www.grifols.com
Alnylam Pharmaceuticals Inc.,Revenue,3713900000,https://www.sec.gov/Archives/edgar/data/0001178670/000162828026007497/alny2025q4exhibit311.htm
Alnylam Pharmaceuticals Inc.,Employees,2770,https://www.macrotrends.net/stocks/charts/ALNY/alnylam-pharmaceuticals/number-of-employees
Alnylam Pharmaceuticals Inc.,Therapeutic Area,"Genetic Medicines, Cardio-Metabolic Diseases, Infectious Disease, CNS/Ocular Diseases",https://investors.alnylam.com/sites/default/files/pdfs/ALNY_Corp_Backgrounder_ALNYCB04-25.pdf
Alnylam Pharmaceuticals Inc.,Key Products,"AMVUTTRA, ONPATTRO, GIVLAARI, OXLUMO",https://investors.alnylam.com/press-release?id=28716
Alnylam Pharmaceuticals Inc.,Website,https://www.alnylam.com,https://www.alnylam.com
Gilead Sciences Inc.,Revenue,29443000000,https://www.sec.gov/Archives/edgar/data/0000882095/000088209526000006/gild-20251231.htm
Gilead Sciences Inc.,Employees,17000,https://s29.q4cdn.com/585078350/files/doc_events/2026/Mar/19/GILD-2025-Annual-Report-Form-10-K-30-April-2026.pdf
Gilead Sciences Inc.,Therapeutic Area,"Virology, Oncology, Inflammation",https://www.gilead.com/science/therapeutic-areas
Gilead Sciences Inc.,Key Products,"Biktarvy, Descovy, Veklury, Trodelvy, Yescarta, Tecartus, Livdelzi, Lenacapavir",https://www.gilead.com/news/news-details/2026/gilead-sciences-announces-fourth-quarter-and-full-year-2025-financial-results
Gilead Sciences Inc.,Website,https://www.gilead.com,https://www.gilead.com
Incyte Corporation,Revenue,5140000000,https://investor.incyte.com/news-releases/news-release-details/incyte-reports-fourth-quarter-and-full-year-2025-financial
Incyte Corporation,Employees,2800,https://incyte.com/who-we-are/biopharmaceutical-research
Incyte Corporation,Therapeutic Area,"Hematology, Oncology, Inflammation & Autoimmunity",https://investor.incyte.com/news-releases/news-release-details/incyte-reports-fourth-quarter-and-full-year-2025-financial
Incyte Corporation,Key Products,"Jakafi, Opzelura, Niktimvo, Zynyz, Pemazyre",https://www.sec.gov/Archives/edgar/data/879169/000087916925000122/incy-q32025xexx991.htm
Incyte Corporation,Website,https://www.incyte.com,https://www.incyte.com
Jazz Pharmaceuticals plc,Revenue,4267590000,https://investor.jazzpharma.com/news-releases/news-release-details/jazz-pharmaceuticals-announces-full-year-and-fourth-quarter-2025
Jazz Pharmaceuticals plc,Employees,2890,https://www.sec.gov/Archives/edgar/data/0001232524/000123252426000013/jazz-20251231.htm
Jazz Pharmaceuticals plc,Therapeutic Area,"Neuroscience, Oncology",https://www.jazzpharma.com/sites/jazzpharmaceuticals/files/2025-01/Jazz-Pharmaceuticals-Pipeline-Overview_January-2025.pdf
Jazz Pharmaceuticals plc,Key Products,"Xywav, Epidiolex, Zepzelca, Rylaze, Xyrem, Ziihera, Vyxeos, Defitelio",https://investor.jazzpharma.com/news-releases/news-release-details/jazz-pharmaceuticals-announces-full-year-and-fourth-quarter-2025
Jazz Pharmaceuticals plc,Website,https://www.jazzpharma.com,https://www.jazzpharma.com
Exelixis Inc.,Revenue,2320000000,https://ir.exelixis.com/news-releases/news-release-details/exelixis-announces-fourth-quarter-and-fiscal-year-2025-financial
Exelixis Inc.,Employees,1077,https://www.sec.gov/Archives/edgar/data/0000939767/000093976726000021/exel-20260102.htm
Exelixis Inc.,Therapeutic Area,Oncology,https://www.exelixis.com/innovating-rd/
Exelixis Inc.,Key Products,"CABOMETYX (cabozantinib tablets), COMETRIQ (cabozantinib capsules)",https://ir.exelixis.com/news-releases/news-release-details/exelixis-announces-fourth-quarter-and-fiscal-year-2025-financial
Exelixis Inc.,Website,https://www.exelixis.com,https://www.exelixis.com
Sarepta Therapeutics Inc.,Revenue,2198200000,https://investorrelations.sarepta.com/news-releases/news-release-details/sarepta-therapeutics-announces-fourth-quarter-and-full-year-2025
Sarepta Therapeutics Inc.,Employees,835,https://www.sec.gov/Archives/edgar/data/873303/000119312526084144/srpt-20251231.htm
Sarepta Therapeutics Inc.,Therapeutic Area,"Rare Neuromuscular Diseases (Duchenne Muscular Dystrophy, Limb-Girdle Muscular Dystrophies)",https://www.sarepta.com/products-pipeline/pipeline
Sarepta Therapeutics Inc.,Key Products,"EXONDYS 51, VYONDYS 53, AMONDYS 45, ELEVIDYS",https://www.sec.gov/Archives/edgar/data/0000873303/000119312526084144/srpt-20251231.htm
Sarepta Therapeutics Inc.,Website,https://www.sarepta.com,https://www.sarepta.com
BeOne Medicines Ltd. (formerly BeiGene Ltd.),Revenue,5343033000,https://www.sec.gov/Archives/edgar/data/0001651308/000162828026011946/bgne-20251231.htm
BeOne Medicines Ltd. (formerly BeiGene Ltd.),Employees,12000,https://www.sec.gov/Archives/edgar/data/0001651308/000162828026011946/bgne-20251231.htm
BeOne Medicines Ltd. (formerly BeiGene Ltd.),Therapeutic Area,"Oncology (Hematology, Solid Tumors)",https://beonemedicines.com/science/pipeline/
BeOne Medicines Ltd. (formerly BeiGene Ltd.),Key Products,"BRUKINSA (zanubrutinib), TEVIMBRA (tislelizumab)",https://beonemedicines.us/science/our-medicines/
BeOne Medicines Ltd. (formerly BeiGene Ltd.),Website,https://www.beonemedicines.com,https://www.beonemedicines.com
"Samsung Bioepis Co., Ltd.",Revenue,1212000000,https://www.morningstar.com/news/business-wire/20260125609549/samsung-epis-holdings-reports-fourth-quarter-and-fiscal-year-2025-financial-results
"Samsung Bioepis Co., Ltd.",Employees,1274,https://www.reveliolabs.com/companies/samsung-bioepis/employees/
"Samsung Bioepis Co., Ltd.",Therapeutic Area,"Immunology, Oncology, Ophthalmology, Hematology, Nephrology, Endocrinology",https://www.businesswire.com/news/home/20251030908044/en/Newly-Established-Samsung-Epis-Holdings-to-Drive-Growth-for-Samsung-Bioepis-and-a-New-Subsidiary
"Samsung Bioepis Co., Ltd.",Key Products,"BENEPALI, FLIXABI, IMRALDI, ONTRUZANT, HADLIMA, BYOOVIZ, OPUVIZ, PYZCHIVA, EPYSQLI",https://drugstorenews.com/samsung-bioepis-plans-secure-20-biosimilars-2030
"Samsung Bioepis Co., Ltd.",Website,https://www.samsungbioepis.com,https://www.samsungbioepis.com
Dr. Reddy's Laboratories Ltd.,Revenue,3810000000,https://www.sec.gov/Archives/edgar/data/0001135951/000157587225000327/rdy0748_ex99-2.htm
Dr. Reddy's Laboratories Ltd.,Employees,27811,https://stockanalysis.com/stocks/rdy/employees/
Dr. Reddy's Laboratories Ltd.,Therapeutic Area,"Gastrointestinal, Cardiovascular, Diabetology, Oncology, Pain Management, Dermatology",https://www.sec.gov/Archives/edgar/data/0001135951/000157587225000393/rdy-20250331.htm
Dr. Reddy's Laboratories Ltd.,Key Products,"Generics, Biosimilars, APIs, Branded Generics (Nise, Omez, Ciprolet, Enam, Stamlo), NRT Consumer Healthcare",https://www.sec.gov/Archives/edgar/data/0001135951/000157587225000327/rdy0748_ex99-2.htm
Dr. Reddy's Laboratories Ltd.,Website,https://www.drreddys.com,https://www.drreddys.com
Cipla Limited,Revenue,3212000000,https://www.cipla.com/sites/default/files/signed-Financial-Results-13052025-signed.pdf
Cipla Limited,Employees,25916,https://tracxn.com/d/legal-entities/india/cipla-limited/__ANXQ44MbPuE53tJZ2sq_P9FCC6VZUQsfmC7FxJGxBNw#about
Cipla Limited,Therapeutic Area,"Respiratory, Anti-retroviral, Cardiology, Oncology, Anti-infective, CNS, Urology, Dermatology, Diabetology, Ophthalmology",https://www.cipla.com/sites/default/files/Cipla_Q4FY25%20Press%20Release_3.pdf
Cipla Limited,Key Products,"Generic Albuterol, Generic Lenalidomide, Generic Lanreotide, ARV Portfolio, Nanopaclitaxel",https://www.cipla.com/sites/default/files/CiplaLtd-Earnings-May13-2025.pdf
Cipla Limited,Website,https://www.cipla.com,https://www.cipla.com
Lupin Limited,Revenue,2613000000,https://www.lupin.com/media/press-releases/lupin-fy2025-results
Lupin Limited,Employees,24006,https://www.lupin.com/wp-content/uploads/2025/07/integrated-report-consolidated.pdf
Lupin Limited,Therapeutic Area,"Cardiovascular, Diabetes, Respiratory, CNS, GI, Dermatology, Ophthalmology, Gynaecology, Anti-infectives",https://www.lupin.com/esg-report/financial-capital.php
Lupin Limited,Key Products,"Generic Formulations (US Portfolio), Spiriva Generic, Albuterol Inhaler Generic, Biosimilars, Humulin (India), API Portfolio",https://www.lupin.com/media/press-releases/lupin-fy2025-results
Lupin Limited,Website,https://www.lupin.com,https://www.lupin.com
Aurobindo Pharma Limited,Revenue,3754000000,https://www.aurobindo.com/api/uploads/resultsannouncement/LtrToSEsPressRelease26052025.pdf
Aurobindo Pharma Limited,Employees,27707,https://nsearchives.nseindia.com/corporate/AUROPHARMA_14082025154837_LtrToSEsBRSR1482025.pdf
Aurobindo Pharma Limited,Therapeutic Area,"Anti-infectives, CNS, Cardiovascular, ARV/HIV, Oncology (Biosimilars), Gastroenterology, Dermatology, APIs",https://www.aurobindo.com/api/uploads/investorpresentations/InvestorPresentation_March2025.pdf
Aurobindo Pharma Limited,Key Products,"Generic Formulations, Biosimilars (pegfilgrastim, filgrastim, trastuzumab, bevacizumab), APIs, ARV Products",https://www.aurobindo.com/api/uploads/resultsannouncement/LtrToSEsInvestorPresentation05112025.pdf
Aurobindo Pharma Limited,Website,https://www.aurobindo.com,https://www.aurobindo.com
Zydus Lifesciences Limited,Revenue,3213000000,https://zyduslife.com/investor/admin/uploads/21/83/Zydus-Lifesciences-Q4FY25-result.pdf
Zydus Lifesciences Limited,Employees,27917,https://stockanalysis.com/quote/nse/ZYDUSLIFE/employees/
Zydus Lifesciences Limited,Therapeutic Area,"Cardiology, Metabolic/Diabetes, Gastroenterology, CNS, Women Healthcare, Nephrology, Oncology, Biosimilars",https://www.zyduslife.com/investor/admin/uploads/21/83/Zydus-Lifesciences-Limited-Financial-Performance-for-Q3-FY25--Revenue-from-operations-at-Rs--52-691-mn--up-17--YoY--Net-Profit-at-Rs--10-235-mn--up-30--YoY.pdf
Zydus Lifesciences Limited,Key Products,"Zituvia/Zituvio (sitagliptin), Bhava (bevacizumab biosimilar), ANYRA (aflibercept biosimilar), Saroglitazar, Desidustat, Usnoflast",https://zyduslife.com/investor/admin/uploads/21/83/Zydus-Lifesciences-Q4FY25-result.pdf
Zydus Lifesciences Limited,Website,https://www.zyduslife.com,https://www.zyduslife.com
Torrent Pharmaceuticals,Revenue,1379000000,https://www.torrentpharma.com/assets/Torrent_Pharma_Press_release_final_Q4_24_25_4201161339.pdf
Torrent Pharmaceuticals,Employees,20341,https://lodr-files.dhan.co/lodr-inputs/Company/INE685A01028/9276652ea0524aad.pdf
Torrent Pharmaceuticals,Therapeutic Area,"Cardiovascular, CNS, GI, Women Healthcare, VMN, Cosmo-Dermatology, Diabetology, Pain Management, Gynaecology, Oncology, Anti-Infective",https://www.torrentpharma.com
Torrent Pharmaceuticals,Key Products,"Shelcal, Tedibar, Unienzyme, Ahaglow, Chymoral, Nexpro, Nikoran, Dilzem, Listril, Domstal",https://www.torrentpharma.com/ourproducts/our-brands/
Torrent Pharmaceuticals,Website,https://www.torrentpharma.com,https://www.torrentpharma.com
Alkem Laboratories,Revenue,1540000000,https://admin.alkemlabs.com/uploads/Q4_FY_25_Results_Press_Release_and_PPT_62ded68619.pdf
Alkem Laboratories,Employees,19286,https://tracxn.com/d/legal-entities/india/alkem-laboratories-limited/__gDPS40cuxKcpkFGYgD36Ue65TD2Su6ib8fy31Z28R8M
Alkem Laboratories,Therapeutic Area,"Anti-Infective, Gastroenterology, Pain Relief/Analgesic, Anti-Diabetic, Cardiology, Dermatology, Neurology/CNS, Vitamins Minerals & Nutrition, Oncology, Ophthalmology, Gynaecology, Respiratory",https://www.alkemlabs.com/our-offerings/rx-products
Alkem Laboratories,Key Products,"Clavam, Pan, Pan-D, Taxim-O, Cytomab, Advamab, Hersima, Clindac-A, Melbild",https://www.alkemlabs.com/investors/digital-annual-report-2023-24/about-alkem-laboratories.html
Alkem Laboratories,Website,https://www.alkemlabs.com,https://www.alkemlabs.com
Mankind Pharma,Revenue,1462000000,https://www.mankindpharma.com/wp-content/uploads/2025/05/financials_q4fy25.pdf
Mankind Pharma,Employees,19532,https://tracxn.com/d/legal-entities/india/mankind-pharma-limited/__4CRiK9sTkdaQDvfQHdpgqGRXOYYrTamYjL3ioYA9K5M
Mankind Pharma,Therapeutic Area,"Anti-Infectives, Cardiovascular, Gastrointestinal, Anti-Diabetic, Neuro/CNS, VMN, Respiratory, Gynaecology, Dermatology, Oncology, Urology",https://www.mankindpharma.com/products/
Mankind Pharma,Key Products,"Moxikind CV, Zenflox, Prega News, Manforce, Unwanted-72, Dydroboon, Amlokind, Telmikind, Glimestar, Nurokind",https://www.mankindpharma.com/products/
Mankind Pharma,Website,https://www.mankindpharma.com,https://www.mankindpharma.com
Glenmark Pharmaceuticals,Revenue,1577000000,https://glenmark.b-cdn.net/gpl_pdfs/media/Press_Release_Glenmark_Pharmaceuticals_Q4_Results.pdf
Glenmark Pharmaceuticals,Employees,15800,https://glenmarkpharma.com/gpl_pdfs/media_library/Glenmark%20Pharmaceuticals%20Ltd%20AR%202024-25%20R2%20L.pdf
Glenmark Pharmaceuticals,Therapeutic Area,"Respiratory, Dermatology, Oncology, Cardiac, Diabetes, Anti-Infectives",https://glenmark.b-cdn.net/gpl_pdfs/media/Press_Release_Glenmark_Pharmaceuticals_Q4_Results.pdf
Glenmark Pharmaceuticals,Key Products,"RYALTRIS, Envafolimab, Zanubrutinib, Clindac-A, Candid, Ascoril, Telma, Zita-Met",https://glenmarkpharma.com/gpl_pdfs/investors/reports_presentations/GPL_Annual_Report_2324a.pdf
Glenmark Pharmaceuticals,Website,https://www.glenmarkpharma.com,https://www.glenmarkpharma.com
